step,ΔSh,ΔNP,ΔDD,ΔCalmar,Δturnover,Δcontra
L1_min_opt,-0.127,-0.0113,0.0051,-0.12,0.013,-0.01
L2_tur_penalty,-0.024,-0.002,-0.004,-0.05,-0.036,0.02
L3_asset_cap,0.3,0.023,0.0069,0.38,-0.012,0.009
L4_gacha_t,0.166,-0.0037,-0.0062,-0.12,0.008,0.008
L5_mkt_beta,0.057,0.0008,0.0068,0.08,0.001,0.002
L6_sector_beta,0.021,-0.009,0.0164,0.07,0.001,0.0
L7_volscale,0.206,0.0051,0.0047,0.2,-0.004,-0.0
L8_stoploss,0.275,0.0078,0.0089,0.46,-0.009,0.004
L9_DD_ctrl,-0.021,-0.0009,0.0,-0.02,-0.0,-0.001
L10_restricted,-0.254,-0.0121,-0.005,-0.46,-0.006,0.002
L11_paircap,-0.026,-0.002,0.0,-0.04,-0.001,0.002
L12_voladj,0.566,0.0124,0.0164,1.09,0.008,0.004
